도서명,평점,가격
A Light in the Attic,Three,Â£51.77
A Light in the Attic,3,Â£51.77
Tipping the Velvet,1,Â£53.74
Soumission,1,Â£50.10
Sharp Objects,4,Â£47.82
Sapiens: A Brief History of Humankind,5,Â£54.23
The Requiem Red,1,Â£22.65
The Dirty Little Secrets of Getting Your Dream Job,4,Â£33.34
"The Coming Woman: A Novel Based on the Life of the Infamous Feminist, Victoria Woodhull",3,Â£17.93
The Boys in the Boat: Nine Americans and Their Epic Quest for Gold at the 1936 Berlin Olympics,4,Â£22.60
The Black Maria,1,Â£52.15
"Starving Hearts (Triangular Trade Trilogy, #1)",2,Â£13.99
Shakespeare's Sonnets,4,Â£20.66
Set Me Free,5,Â£17.46
Scott Pilgrim's Precious Little Life (Scott Pilgrim #1),5,Â£52.29
Rip it Up and Start Again,5,Â£35.02
"Our Band Could Be Your Life: Scenes from the American Indie Underground, 1981-1991",3,Â£57.25
Olio,1,Â£23.88
Mesaerion: The Best Science Fiction Stories 1800-1849,1,Â£37.59
Libertarianism for Beginners,2,Â£51.33
It's Only the Himalayas,2,Â£45.17
A Light in the Attic,3,Â£51.77
Tipping the Velvet,1,Â£53.74
Soumission,1,Â£50.10
Sharp Objects,4,Â£47.82
Sapiens: A Brief History of Humankind,5,Â£54.23
The Requiem Red,1,Â£22.65
The Dirty Little Secrets of Getting Your Dream Job,4,Â£33.34
"The Coming Woman: A Novel Based on the Life of the Infamous Feminist, Victoria Woodhull",3,Â£17.93
The Boys in the Boat: Nine Americans and Their Epic Quest for Gold at the 1936 Berlin Olympics,4,Â£22.60
The Black Maria,1,Â£52.15
"Starving Hearts (Triangular Trade Trilogy, #1)",2,Â£13.99
Shakespeare's Sonnets,4,Â£20.66
Set Me Free,5,Â£17.46
Scott Pilgrim's Precious Little Life (Scott Pilgrim #1),5,Â£52.29
Rip it Up and Start Again,5,Â£35.02
"Our Band Could Be Your Life: Scenes from the American Indie Underground, 1981-1991",3,Â£57.25
Olio,1,Â£23.88
Mesaerion: The Best Science Fiction Stories 1800-1849,1,Â£37.59
Libertarianism for Beginners,2,Â£51.33
It's Only the Himalayas,2,Â£45.17
A Light in the Attic,3,Â51.77
Tipping the Velvet,1,Â53.74
Soumission,1,Â50.10
Sharp Objects,4,Â47.82
Sapiens: A Brief History of Humankind,5,Â54.23
The Requiem Red,1,Â22.65
The Dirty Little Secrets of Getting Your Dream Job,4,Â33.34
"The Coming Woman: A Novel Based on the Life of the Infamous Feminist, Victoria Woodhull",3,Â17.93
The Boys in the Boat: Nine Americans and Their Epic Quest for Gold at the 1936 Berlin Olympics,4,Â22.60
The Black Maria,1,Â52.15
"Starving Hearts (Triangular Trade Trilogy, #1)",2,Â13.99
Shakespeare's Sonnets,4,Â20.66
Set Me Free,5,Â17.46
Scott Pilgrim's Precious Little Life (Scott Pilgrim #1),5,Â52.29
Rip it Up and Start Again,5,Â35.02
"Our Band Could Be Your Life: Scenes from the American Indie Underground, 1981-1991",3,Â57.25
Olio,1,Â23.88
Mesaerion: The Best Science Fiction Stories 1800-1849,1,Â37.59
Libertarianism for Beginners,2,Â51.33
It's Only the Himalayas,2,Â45.17
A Light in the Attic,3,£51.77
Tipping the Velvet,1,£53.74
Soumission,1,£50.10
Sharp Objects,4,£47.82
Sapiens: A Brief History of Humankind,5,£54.23
The Requiem Red,1,£22.65
The Dirty Little Secrets of Getting Your Dream Job,4,£33.34
"The Coming Woman: A Novel Based on the Life of the Infamous Feminist, Victoria Woodhull",3,£17.93
The Boys in the Boat: Nine Americans and Their Epic Quest for Gold at the 1936 Berlin Olympics,4,£22.60
The Black Maria,1,£52.15
"Starving Hearts (Triangular Trade Trilogy, #1)",2,£13.99
Shakespeare's Sonnets,4,£20.66
Set Me Free,5,£17.46
Scott Pilgrim's Precious Little Life (Scott Pilgrim #1),5,£52.29
Rip it Up and Start Again,5,£35.02
"Our Band Could Be Your Life: Scenes from the American Indie Underground, 1981-1991",3,£57.25
Olio,1,£23.88
Mesaerion: The Best Science Fiction Stories 1800-1849,1,£37.59
Libertarianism for Beginners,2,£51.33
It's Only the Himalayas,2,£45.17
A Light in the Attic,3,Â51.77
Tipping the Velvet,1,Â53.74
Soumission,1,Â50.10
Sharp Objects,4,Â47.82
Sapiens: A Brief History of Humankind,5,Â54.23
The Requiem Red,1,Â22.65
The Dirty Little Secrets of Getting Your Dream Job,4,Â33.34
"The Coming Woman: A Novel Based on the Life of the Infamous Feminist, Victoria Woodhull",3,Â17.93
The Boys in the Boat: Nine Americans and Their Epic Quest for Gold at the 1936 Berlin Olympics,4,Â22.60
The Black Maria,1,Â52.15
"Starving Hearts (Triangular Trade Trilogy, #1)",2,Â13.99
Shakespeare's Sonnets,4,Â20.66
Set Me Free,5,Â17.46
Scott Pilgrim's Precious Little Life (Scott Pilgrim #1),5,Â52.29
Rip it Up and Start Again,5,Â35.02
"Our Band Could Be Your Life: Scenes from the American Indie Underground, 1981-1991",3,Â57.25
Olio,1,Â23.88
Mesaerion: The Best Science Fiction Stories 1800-1849,1,Â37.59
Libertarianism for Beginners,2,Â51.33
It's Only the Himalayas,2,Â45.17
A Light in the Attic,3,51.77
Tipping the Velvet,1,53.74
Soumission,1,50.10
Sharp Objects,4,47.82
Sapiens: A Brief History of Humankind,5,54.23
The Requiem Red,1,22.65
The Dirty Little Secrets of Getting Your Dream Job,4,33.34
"The Coming Woman: A Novel Based on the Life of the Infamous Feminist, Victoria Woodhull",3,17.93
The Boys in the Boat: Nine Americans and Their Epic Quest for Gold at the 1936 Berlin Olympics,4,22.60
The Black Maria,1,52.15
"Starving Hearts (Triangular Trade Trilogy, #1)",2,13.99
Shakespeare's Sonnets,4,20.66
Set Me Free,5,17.46
Scott Pilgrim's Precious Little Life (Scott Pilgrim #1),5,52.29
Rip it Up and Start Again,5,35.02
"Our Band Could Be Your Life: Scenes from the American Indie Underground, 1981-1991",3,57.25
Olio,1,23.88
Mesaerion: The Best Science Fiction Stories 1800-1849,1,37.59
Libertarianism for Beginners,2,51.33
It's Only the Himalayas,2,45.17
